{"steps": [0, 20, 40, 60, 80, 100, 120, 140, 160, 180, 200, 220, 240, 260, 280, 300, 320, 340, 360, 380, 400, 420, 440, 460, 480, 500, 520, 540, 560, 580, 600, 620, 640, 660, 680, 700, 720, 740, 760, 780, 800, 820, 840, 860, 880, 900, 920, 940, 960, 980], "E": [-7.883784452768866, -7.8186767300433, -7.784162935138013, -7.778698073965327, -7.7741067370288395, -7.779901011995001, -7.771065110076652, -7.763822701962059, -7.7702886279707695, -7.7631242638912, -7.761757441890429, -7.757088565568794, -7.7626109675966255, -7.750269718411873, -7.745217437367587, -7.755449400634757, -7.767676649617198, -7.763183328269849, -7.767279897491872, -7.7668758076616555, -7.756156391511936, -7.7537387481620295, -7.758656563168991, -7.764290606536904, -7.751310619234501, -7.746916407584756, -7.754758830386169, -7.763350765706389, -7.74049643589642, -7.749181846945238, -7.749964883848497, -7.749309411854385, -7.744140858768831, -7.75707982116995, -7.760706048363102, -7.755938725494494, -7.754765659699502, -7.752260525461841, -7.753167769900598, -7.734318831459866, -7.759588345127665, -7.751861043529671, -7.7537966582075, -7.773202587850989, -7.759230554220169, -7.773422642105598, -7.763134406888217, -7.757753545688554, -7.758228113632491, -7.75793183585316], "T_inst": [1077.640013448833, 648.2326918627144, 622.5572501409753, 650.5181842335187, 698.9043861239414, 822.1933446984397, 876.007483638939, 962.1357514020783, 935.3524533382351, 876.25155768616, 994.9672710493271, 855.971867054635, 874.38424277048, 850.0842997658009, 756.8727458618025, 915.9736762235699, 939.579681295975, 837.9781142830371, 988.253055501213, 1036.5859898475621, 920.1629303309963, 942.5184486850253, 928.9696967094877, 1039.869550987281, 879.1512815909518, 961.4683270446947, 907.1975690288322, 1095.6553451548855, 959.654697290637, 1081.569689580069, 1036.401933165041, 944.1174115260342, 976.8846846505618, 1016.8035434381885, 1047.5782485802677, 1046.8290933079388, 1054.597155988529, 1016.363365647039, 1085.056937926624, 798.9528852887371, 1052.945742006758, 973.6111740714291, 992.516320516808, 1072.4208398618207, 947.0411401678007, 1100.195790159287, 961.1871774479264, 904.0399848453899, 813.4830165470929, 898.3495749847867]}