{"steps": [0, 20, 40, 60, 80, 100, 120, 140, 160, 180, 200, 220, 240, 260, 280, 300, 320, 340, 360, 380, 400, 420, 440, 460, 480, 500, 520, 540, 560, 580, 600, 620, 640, 660, 680, 700, 720, 740, 760, 780, 800, 820, 840, 860, 880, 900, 920, 940, 960, 980], "E": [-7.883675919543491, -7.7960874833277645, -7.7269025804111955, -7.720686627922516, -7.730435240202399, -7.715878850257768, -7.695261888029794, -7.699774684913806, -7.680262222441708, -7.688137976684693, -7.705312773565987, -7.681320307654882, -7.6813254652352505, -7.662148256840766, -7.667142130723269, -7.685952080418985, -7.673241358991117, -7.652868851785834, -7.654839120071061, -7.677439895830092, -7.642655041804954, -7.677559627287479, -7.683614103512693, -7.672977156027223, -7.662560769614661, -7.662999504741365, -7.681355222548592, -7.684499976632938, -7.668472424823222, -7.664762143913986, -7.644087257511669, -7.622909818620218, -7.6245214722854575, -7.645491812860914, -7.670304041913044, -7.65602917640227, -7.676909224299425, -7.679182219236984, -7.690145282989172, -7.695173339966551, -7.6776470712417915, -7.67444679189321, -7.6709586235231155, -7.684251123766909, -7.693125967000864, -7.6858692821569194, -7.6623531973969925, -7.642182740482001, -7.638531834741473, -7.656832700129867], "T_inst": [1649.0250128652735, 1093.6114961810179, 763.5297110927104, 938.2199877974066, 1322.9274699649948, 1401.8966801113668, 1179.723469330261, 1435.1621757111584, 1347.5813350838953, 1372.2042571205352, 1711.2870528301294, 1554.827095044516, 1490.770997647091, 1345.9871656236635, 1436.159765185602, 1724.8663021927905, 1466.9810563147926, 1484.9770222932927, 1404.2491966823839, 1654.7631621462103, 1421.9137258836124, 1663.959718841456, 1684.0550443635686, 1576.3859943545842, 1476.3674255287892, 1421.8919894777628, 1534.4353777251479, 1639.244787656214, 1766.3376061394495, 1743.6751673010326, 1519.9894627657557, 1467.3487448723247, 1469.2352795341562, 1472.1602964528088, 1721.186968870439, 1437.9914575911719, 1507.0520976624512, 1502.6922452177223, 1632.6854460286431, 1586.8591704744815, 1428.574525046055, 1380.140086876058, 1338.8572842621622, 1322.4401828529196, 1387.2651699473922, 1412.9079956243945, 1451.3317885429683, 1451.8421985687833, 1613.0235931060183, 1677.8873451023508]}