{"steps": [0, 20, 40, 60, 80, 100, 120, 140, 160, 180, 200, 220, 240, 260, 280, 300, 320, 340, 360, 380, 400, 420, 440, 460, 480, 500, 520, 540, 560, 580, 600, 620, 640, 660, 680, 700, 720, 740, 760, 780, 800, 820, 840, 860, 880, 900, 920, 940, 960, 980], "E": [-7.883557738539389, -7.757063736191039, -7.690990436545491, -7.715833503629193, -7.7038735416831585, -7.698370539997418, -7.675006448753795, -7.672407675847652, -7.675286378266179, -7.659664666562635, -7.651307648560503, -7.667658257299934, -7.664441942137731, -7.670300000324779, -7.619038237871309, -7.6144165662170895, -7.6091886646325495, -7.618351667051193, -7.599846639301927, -7.589288936325922, -7.6018978770875005, -7.613595141006069, -7.589676946089396, -7.604380000344634, -7.598038179897287, -7.597703621206606, -7.595482881693541, -7.598619383753423, -7.585567830241998, -7.6070154900026, -7.58661748296631, -7.586448705444051, -7.58974004777675, -7.574702626709698, -7.605598276217117, -7.5894928062321325, -7.606041767963094, -7.612184116435069, -7.603337506715668, -7.615449719593887, -7.6043580525848595, -7.6075060662480976, -7.591764219304962, -7.57243237466076, -7.587121159726448, -7.580360762404792, -7.56101225926677, -7.568969425403743, -7.5636455562000995, -7.6068772827789966], "T_inst": [2072.108795786609, 1193.6487808136437, 948.6412622804152, 1351.6244349557385, 1304.695857222569, 1516.196582297583, 1404.3144423164522, 1607.8486450678379, 1556.1167661781155, 1715.1179396495, 1746.3299823587004, 1841.7836523199246, 1790.1342555507126, 2116.714969612382, 1896.4540195120196, 1877.0917151682156, 1780.1604633308107, 1894.743844306137, 2037.1781395703792, 1804.1124347428201, 1924.690422625086, 2135.3046644807428, 1972.2440062194662, 2029.9391765607718, 2073.580224549382, 2048.5437710837373, 1973.679971786611, 2012.5051292319881, 1601.4871212047078, 2047.9513228274764, 1894.3965705437759, 2195.1843413316396, 2226.5319146189895, 1956.8836473541344, 1992.4114294796946, 1975.2497622034568, 2094.094859253342, 2055.1119775308166, 1945.9454996454672, 2056.6494532318216, 2097.47145875576, 2232.494688614035, 1931.466723120848, 1978.2175795550959, 1960.4863023234786, 2001.9816532578095, 1818.8532434449407, 2075.4005530238587, 2163.7065445326966, 2436.2933103043015]}