{
  "Al": -3.756908507340046,
  "Fe": -8.28221642165563,
  "Hf": -9.93768696720456,
  "Mo": -10.920690692235,
  "Nb": -10.106769382902014,
  "Ta": -11.812979374846059,
  "Ti": -7.795759262459694,
  "V": -8.947867972546604,
  "Zr": -8.52874267596308
}