,PC1,PC2,PC3,PC1_std,PC2_std,PC3_std
FeO,0.3136026971621389,-0.3435583640366885,-0.3949778850561454,0.005613690301232713,0.017963387447536592,0.019163134035212415
TiO2,0.3657264548739344,-0.11203621231325815,0.6084980835527416,0.005621149514936704,0.0284190706081884,0.005836421837489015
Al2O3,-0.3912298260896016,-0.01008963543437924,0.07228879401849503,0.005165723959053162,0.009799358413546714,0.01572534636220026
CaO,-0.3472057795644659,-0.3922627137636094,-0.2444293695947659,0.005594036074094364,0.015628697924796087,0.022787708456555415
MgO,0.026884296407948927,0.7487121036913186,-0.43779026700177137,0.006827129507270153,0.020936878516606368,0.034022410475146765
SiO2,-0.40047936436798487,-0.3080922465864866,-0.2276387534172888,0.004067716194499112,0.012207600662244281,0.015612586082746622
K,0.40011394800508204,-0.21452532114399772,-0.28111367852016766,0.005129266437236144,0.014192604073502823,0.015097228069167695
Th,0.4160375226908718,-0.11803364031503266,-0.29367762253544527,0.005172990581637271,0.014024169037884535,0.011474792107369918
