,PC1,PC2,PC3,PC1_std,PC2_std,PC3_std
FeO,0.31382016661938905,-0.3457709194756478,-0.38915914354621395,0.0056137223864394506,0.017964209504037064,0.019163188531434186
TiO2,0.3656157977678898,-0.10652833616179391,0.608859698259146,0.005621209444643686,0.028419741549601807,0.005836513295202319
Al2O3,-0.3907955533107772,-0.009901986661823039,0.06959769315147193,0.005165875264083444,0.009800217044741016,0.01572616392452652
CaO,-0.3467288960267904,-0.39469299923907186,-0.24088126705758828,0.005594046558277998,0.01562903708378394,0.022788431960253118
MgO,0.02611708655208821,0.7441295699115795,-0.4429991554596092,0.00682708098763655,0.020937611364844736,0.03402332939517489
SiO2,-0.40025318231388807,-0.30945303993090917,-0.22424544395867504,0.004067682916312935,0.012207776063511646,0.015613030545913875
K,0.40043855163725206,-0.21658785456021545,-0.2807091939802173,0.005129290894507493,0.014192692797856258,0.015097982168109295
Th,0.41644547942633947,-0.11982086379074916,-0.29447678384470666,0.005173033999968279,0.014024317718548448,0.011475459012815234
