PC,explained_variance,cumulative
PC1,0.5306107256604436,0.5306107256604436
PC2,0.17359388453531147,0.7042046101957551
PC3,0.13211517451449242,0.8363197847102475
