Component,Explained_variance_pct,Cumulative_pct
PC1,53.06090579789527,53.06090579789527
PC2,17.359372315675277,70.42027811357055
PC3,13.211592245823853,83.6318703593944
