{
  "meta": {
    "model": "mace-foundations/mace-mh-1",
    "head": "omat_pbe",
    "dilution_fractions": [
      0.0,
      0.1,
      0.25,
      0.5,
      0.75,
      0.9,
      1.0
    ],
    "temperatures_K": [
      0.0,
      100.0,
      300.0,
      500.0,
      800.0,
      1000.0,
      1200.0,
      1500.0,
      1800.0
    ],
    "n_atoms_bcc": 100,
    "displacement_AA": 0.01,
    "wall_time_s": 916.2741878032684
  },
  "bcc": [
    {
      "x_isru": 0.0,
      "composition": {
        "Mo": 20,
        "Nb": 20,
        "Ta": 20,
        "V": 20,
        "Ti": 20
      },
      "E0_per_atom": -9.913512812293014,
      "V_per_atom": 16.378415351909844,
      "F_vib": {
        "T_K": [
          0.0,
          100.0,
          300.0,
          500.0,
          800.0,
          1000.0,
          1200.0,
          1500.0,
          1800.0
        ],
        "F_vib_eV_per_atom": [
          0.02949299181148092,
          0.025312676983032474,
          -0.024790767626396468,
          -0.10953328263040951,
          -0.2736638357477862,
          -0.40011563325344696,
          -0.5369268392274757,
          -0.7579220977517548,
          -0.9944993134379314
        ],
        "n_imag": 0
      },
      "S_config_eV_per_K": 0.00013869062855942216
    },
    {
      "x_isru": 0.1,
      "composition": {
        "Mo": 18,
        "Nb": 18,
        "Ta": 18,
        "V": 18,
        "Ti": 23,
        "Fe": 5
      },
      "E0_per_atom": -9.72027706244642,
      "V_per_atom": 16.067613272636773,
      "F_vib": {
        "T_K": [
          0.0,
          100.0,
          300.0,
          500.0,
          800.0,
          1000.0,
          1200.0,
          1500.0,
          1800.0
        ],
        "F_vib_eV_per_atom": [
          0.030266117939928557,
          0.026279155213600806,
          -0.022672062291734824,
          -0.10610790636406334,
          -0.26822942230393493,
          -0.3933298442698052,
          -0.5287846698498891,
          -0.7477392151831229,
          -0.982270564175473
        ],
        "n_imag": 2
      },
      "S_config_eV_per_K": 0.0001484307178416767
    },
    {
      "x_isru": 0.25,
      "composition": {
        "Mo": 15,
        "Nb": 15,
        "Ta": 15,
        "V": 15,
        "Ti": 28,
        "Fe": 12
      },
      "E0_per_atom": -9.43446672363852,
      "V_per_atom": 15.63862833268966,
      "F_vib": {
        "T_K": [
          0.0,
          100.0,
          300.0,
          500.0,
          800.0,
          1000.0,
          1200.0,
          1500.0,
          1800.0
        ],
        "F_vib_eV_per_atom": [
          0.030905282413428933,
          0.02708990869723764,
          -0.020919330846120507,
          -0.10329989755049983,
          -0.2638121548320536,
          -0.38783629852171875,
          -0.522214654629854,
          -0.739555425972336,
          -0.972474672770571
        ],
        "n_imag": 0
      },
      "S_config_eV_per_K": 0.00015072870636700236
    },
    {
      "x_isru": 0.5,
      "composition": {
        "Mo": 10,
        "Nb": 10,
        "Ta": 10,
        "V": 10,
        "Ti": 35,
        "Fe": 25
      },
      "E0_per_atom": -8.979651361103638,
      "V_per_atom": 14.91329003221834,
      "F_vib": {
        "T_K": [
          0.0,
          100.0,
          300.0,
          500.0,
          800.0,
          1000.0,
          1200.0,
          1500.0,
          1800.0
        ],
        "F_vib_eV_per_atom": [
          0.032154242169104855,
          0.028644932397561874,
          -0.017568531737216606,
          -0.09791485506288534,
          -0.2553072482671088,
          -0.3772373877250626,
          -0.5095169957243049,
          -0.723704884012599,
          -0.953468066757645
        ],
        "n_imag": 0
      },
      "S_config_eV_per_K": 0.00014089730860846635
    },
    {
      "x_isru": 0.75,
      "composition": {
        "Mo": 5,
        "Nb": 5,
        "Ta": 5,
        "V": 5,
        "Ti": 42,
        "Fe": 38
      },
      "E0_per_atom": -8.554353778788103,
      "V_per_atom": 14.230060009755253,
      "F_vib": {
        "T_K": [
          0.0,
          100.0,
          300.0,
          500.0,
          800.0,
          1000.0,
          1200.0,
          1500.0,
          1800.0
        ],
        "F_vib_eV_per_atom": [
          0.0335275484137964,
          0.030379274972088144,
          -0.013771975187111712,
          -0.09179917598886927,
          -0.2456400441086677,
          -0.36518754150515453,
          -0.49507947623963594,
          -0.7056808066542246,
          -0.9318540592376522
        ],
        "n_imag": 0
      },
      "S_config_eV_per_K": 0.00011471209826729026
    },
    {
      "x_isru": 0.9,
      "composition": {
        "Mo": 2,
        "Nb": 2,
        "Ta": 2,
        "V": 2,
        "Ti": 47,
        "Fe": 45
      },
      "E0_per_atom": -8.30326097374544,
      "V_per_atom": 13.760740435115702,
      "F_vib": {
        "T_K": [
          0.0,
          100.0,
          300.0,
          500.0,
          800.0,
          1000.0,
          1200.0,
          1500.0,
          1800.0
        ],
        "F_vib_eV_per_atom": [
          0.03479111605721165,
          0.03195924597279542,
          -0.01037015122047863,
          -0.08633383786654746,
          -0.23700940308340154,
          -0.3544322656285571,
          -0.4821947051764484,
          -0.6895969140386046,
          -0.9125677848883552
        ],
        "n_imag": 0
      },
      "S_config_eV_per_K": 8.851301773730328e-05
    },
    {
      "x_isru": 1.0,
      "composition": {
        "Ti": 50,
        "Fe": 50
      },
      "E0_per_atom": -8.141601897227403,
      "V_per_atom": 13.535213513787872,
      "F_vib": {
        "T_K": [
          0.0,
          100.0,
          300.0,
          500.0,
          800.0,
          1000.0,
          1200.0,
          1500.0,
          1800.0
        ],
        "F_vib_eV_per_atom": [
          0.0350343387119507,
          0.0322977010549071,
          -0.009537845811569154,
          -0.08497162316688282,
          -0.23484355637764545,
          -0.351728908561347,
          -0.4789532524036707,
          -0.6855477323376626,
          -0.9077104840046146
        ],
        "n_imag": 0
      },
      "S_config_eV_per_K": 5.9730802545007364e-05
    }
  ],
  "Fe2Nb": {
    "E0_per_atom": -9.016616754007494,
    "V_per_atom": 13.45448326469367,
    "F_vib": {
      "T_K": [
        0.0,
        100.0,
        300.0,
        500.0,
        800.0,
        1000.0,
        1200.0,
        1500.0,
        1800.0
      ],
      "F_vib_eV_per_atom": [
        0.0338601339093049,
        0.03084029162624359,
        -0.012846663730608074,
        -0.09033515279135085,
        -0.2433417982376419,
        -0.36232760681882725,
        -0.4916559696232646,
        -0.7014100453893692,
        -0.9267347731401433
      ],
      "n_imag": 0
    }
  },
  "Fe2Ta": {
    "E0_per_atom": -9.642781403057848,
    "V_per_atom": 13.216236174209335,
    "F_vib": {
      "T_K": [
        0.0,
        100.0,
        300.0,
        500.0,
        800.0,
        1000.0,
        1200.0,
        1500.0,
        1800.0
      ],
      "F_vib_eV_per_atom": [
        0.03255607025203607,
        0.028682887450699163,
        -0.018593052483107258,
        -0.09982036011636265,
        -0.2584680976621561,
        -0.3812210956303182,
        -0.5143187880583114,
        -0.7297289933560136,
        -0.9607112718855689
      ],
      "n_imag": 0
    }
  }
}